id,timestamp,inputDataHash,processingSteps,decisionOutcome,featureVector,contextMetadata,decision,hasProcessingSteps,inputLength,outputLength,processingStepsCount,processingTime,riskScore
audit_1763786950017_5kr7dhc5o,2025-11-22T04:49:10.017Z,7d0e63563aba1b751227380cb9f12da130d57c76aa0b63dca48ffe7b0dce56dd,"UnicodeNormalization,SymbolStripping,EscapeNeutralization,PatternRedaction",[object Object],[object Object],[object Object],sanitized,true,19,19,4,3,0
audit_1763786950004_eqwzy2rxh,2025-11-22T04:49:10.004Z,8c92a52e96b4e7100c661085468da356dea8ab92b6d0089f8676d430d722f5f8,"UnicodeNormalization,SymbolStripping,EscapeNeutralization,PatternRedaction",[object Object],[object Object],[object Object],sanitized,true,32,32,4,2,0
audit_1763786949990_r8d5usqqe,2025-11-22T04:49:09.990Z,41e5ee1746b14441ff66412529492664f4e795123e66c90ed73be00c2dfb452d,"UnicodeNormalization,SymbolStripping,EscapeNeutralization,PatternRedaction",[object Object],[object Object],[object Object],sanitized,true,24,24,4,4,0
audit_1763786949971_4x35099fh,2025-11-22T04:49:09.971Z,dc0ec1a4c2a68c476d4d3e93b2198dfdf96b67763c5c692100a34c925dc7f065,"UnicodeNormalization,SymbolStripping,EscapeNeutralization,PatternRedaction",[object Object],[object Object],[object Object],sanitized,true,34,34,4,3,0
audit_1763786949959_pyn9forhk,2025-11-22T04:49:09.959Z,8c92a52e96b4e7100c661085468da356dea8ab92b6d0089f8676d430d722f5f8,"UnicodeNormalization,SymbolStripping,EscapeNeutralization,PatternRedaction",[object Object],[object Object],[object Object],sanitized,true,32,32,4,3,0
audit_1763786949947_4a1a74rfc,2025-11-22T04:49:09.947Z,2d08873fbde87cf68cb28dd5a08748499af98ae1041f70941f67d191105a6db5,"UnicodeNormalization,SymbolStripping,EscapeNeutralization,PatternRedaction",[object Object],[object Object],[object Object],sanitized,true,26,26,4,3,0
audit_1763786949928_k267jk108,2025-11-22T04:49:09.928Z,340a2ffb836931a9f49159688501923ac19a2e4c43736a3de084be3e3089e26f,"UnicodeNormalization,SymbolStripping,EscapeNeutralization,PatternRedaction",[object Object],[object Object],[object Object],sanitized,true,26,26,4,5,0
audit_1763786949917_fjexiojww,2025-11-22T04:49:09.917Z,cecadcca7bad4ac70ff5d946923e52e98999c449fa5a5b6baf6ac039bd42932c,"UnicodeNormalization,SymbolStripping,EscapeNeutralization,PatternRedaction",[object Object],[object Object],[object Object],sanitized,true,26,26,4,2,0
audit_1763786949909_tkfrassyi,2025-11-22T04:49:09.909Z,d9e762110cf050a1725f6a7daf8d3b2160b4545d878db47f516a298d868f4a1a,"UnicodeNormalization,SymbolStripping,EscapeNeutralization,PatternRedaction",[object Object],[object Object],[object Object],sanitized,true,26,26,4,6,0
audit_1763786949894_uugidw4s2,2025-11-22T04:49:09.894Z,a1d2733858c4917308a0b647f4698c5d97a8446f4b01ed124ff1ff21702902d5,"UnicodeNormalization,SymbolStripping,EscapeNeutralization,PatternRedaction",[object Object],[object Object],[object Object],sanitized,true,26,26,4,2,0
audit_1763786949886_hrhmzsd58,2025-11-22T04:49:09.886Z,10b85daf174869e0053718ad736f9b1f3dbeb22d55716ac7c2625265d53ab776,"UnicodeNormalization,SymbolStripping,EscapeNeutralization,PatternRedaction",[object Object],[object Object],[object Object],sanitized,true,26,26,4,3,0
audit_1763786949876_myeuab9dg,2025-11-22T04:49:09.876Z,3b8ec298b42891a564f885019e1c6cfe2fc18ed564842bd85b9a0314675beb1b,"UnicodeNormalization,SymbolStripping,EscapeNeutralization,PatternRedaction",[object Object],[object Object],[object Object],sanitized,true,26,26,4,2,0
audit_1763786949867_m6dzk3oem,2025-11-22T04:49:09.867Z,5077402b5d86bd69802140b1338f5756ad4681507fb615682c00c7373b21e93f,"UnicodeNormalization,SymbolStripping,EscapeNeutralization,PatternRedaction",[object Object],[object Object],[object Object],sanitized,true,26,26,4,3,0
audit_1763786949858_blcmvzc9x,2025-11-22T04:49:09.858Z,d53b2a2eff15c110fc149d94dd47461c63c554ea54ed0616b3295d0ff3c578aa,"UnicodeNormalization,SymbolStripping,EscapeNeutralization,PatternRedaction",[object Object],[object Object],[object Object],sanitized,true,26,26,4,3,0
audit_1763786949848_wg9cr79i3,2025-11-22T04:49:09.848Z,3a15e586172b633b71e696543582d677a285e0214e37fb933e0489940186eb5b,"UnicodeNormalization,SymbolStripping,EscapeNeutralization,PatternRedaction",[object Object],[object Object],[object Object],sanitized,true,26,26,4,3,0
audit_1763786949745_eqy9xrbd3,2025-11-22T04:49:09.745Z,7218dae816bc1830a657e5bf141eb5d90cd93d62222cc79a1e8a371b32600e5d,"UnicodeNormalization,SymbolStripping,EscapeNeutralization,PatternRedaction",[object Object],[object Object],[object Object],sanitized,true,32,32,4,7,0
audit_1763786949729_7mp67back,2025-11-22T04:49:09.729Z,5a5fa4981739e6d1d4d35092aa0dd2708381deed5dce1129e839803e06700406,"UnicodeNormalization,SymbolStripping,EscapeNeutralization,PatternRedaction",[object Object],[object Object],[object Object],sanitized,true,30,30,4,2,0
audit_1763786949716_by52cu8kw,2025-11-22T04:49:09.716Z,476effd19692520ee189e5ed7537a3e2f3bcbc221fa7e0ad83968ec237036703,"UnicodeNormalization,SymbolStripping,EscapeNeutralization,PatternRedaction",[object Object],[object Object],[object Object],sanitized,true,35,35,4,2,0
audit_1763786949518_ilhvmy7ws,2025-11-22T04:49:09.518Z,403c5532ae7e3c0c73f171e587a06667da632d2c5adb4aaf4b77a6731a064c15,"UnicodeNormalization,SymbolStripping,EscapeNeutralization,PatternRedaction",[object Object],[object Object],[object Object],sanitized,true,43,43,4,3,0
audit_1763786949510_cnvgoegm7,2025-11-22T04:49:09.510Z,5da75d4be97bdc2a50ca27a3da653b6839e061a3f07f18c7dca925d888fe73e1,"UnicodeNormalization,SymbolStripping,EscapeNeutralization,PatternRedaction",[object Object],[object Object],[object Object],sanitized,true,43,43,4,2,0
audit_1763786949502_e88m1v8m7,2025-11-22T04:49:09.502Z,f7ce05098965508d8eecd05b144ab06b7656b628c1073b0eb4c43a474edb06f2,"UnicodeNormalization,SymbolStripping,EscapeNeutralization,PatternRedaction",[object Object],[object Object],[object Object],sanitized,true,43,43,4,2,0
audit_1763786949489_ueymfdcga,2025-11-22T04:49:09.489Z,54ccb3c80b11f606b92a0eee579adbeab7e77830b91125a17a9008f265f34da5,"UnicodeNormalization,SymbolStripping,EscapeNeutralization,PatternRedaction",[object Object],[object Object],[object Object],sanitized,true,43,43,4,3,0
audit_1763786949481_okvrzey4o,2025-11-22T04:49:09.481Z,2251b99662d0cede14c4d43e81f34aefb2f042cefd75c4048e56a7634cf33cf8,"UnicodeNormalization,SymbolStripping,EscapeNeutralization,PatternRedaction",[object Object],[object Object],[object Object],sanitized,true,43,43,4,2,0
audit_1763786949474_ttr8gcnxt,2025-11-22T04:49:09.474Z,b8cc68f26886fb34f3c356d770d81237ed061514d3f0874013d9a70fed595da0,"UnicodeNormalization,SymbolStripping,EscapeNeutralization,PatternRedaction",[object Object],[object Object],[object Object],sanitized,true,43,43,4,3,0
audit_1763786949466_rvjnkorwa,2025-11-22T04:49:09.466Z,8f4c1fd8ec038bf4b4fe53e59cf56f0fe4776e884f7d762c5f75fc6b9c70b353,"UnicodeNormalization,SymbolStripping,EscapeNeutralization,PatternRedaction",[object Object],[object Object],[object Object],sanitized,true,43,43,4,2,0
audit_1763786949458_7btkutf6b,2025-11-22T04:49:09.458Z,57ff49e29fbe00a5c4279c87502460b616d00b1cbd09e9723d30062c1a8995f1,"UnicodeNormalization,SymbolStripping,EscapeNeutralization,PatternRedaction",[object Object],[object Object],[object Object],sanitized,true,43,43,4,2,0
audit_1763786949445_fh96q44r9,2025-11-22T04:49:09.445Z,89152906bec6bcc2b59e78d6e4ef88bbd94ad18ff57cb949d83350314f25462c,"UnicodeNormalization,SymbolStripping,EscapeNeutralization,PatternRedaction",[object Object],[object Object],[object Object],sanitized,true,43,43,4,2,0
audit_1763786949438_dcx981g4l,2025-11-22T04:49:09.438Z,e438ca14b0d27ea8e721b1908f649c527d615d5ad5aac6124ad7f88c3404c69f,"UnicodeNormalization,SymbolStripping,EscapeNeutralization,PatternRedaction",[object Object],[object Object],[object Object],sanitized,true,43,43,4,3,0
audit_1763786949430_gdcheawya,2025-11-22T04:49:09.430Z,4f62be1247768c5314bff0e16c786b83b82f9fbdbe7743591f9cb0f9cda4b427,"UnicodeNormalization,SymbolStripping,EscapeNeutralization,PatternRedaction",[object Object],[object Object],[object Object],sanitized,true,43,43,4,3,0
audit_1763786949422_b6o4gwgm8,2025-11-22T04:49:09.422Z,0441685eacfeac2ff5205875a20116cecf00e6e344a8e6565c87a8faef43f935,"UnicodeNormalization,SymbolStripping,EscapeNeutralization,PatternRedaction",[object Object],[object Object],[object Object],sanitized,true,43,43,4,3,0
audit_1763786949413_mlxmfcrab,2025-11-22T04:49:09.413Z,72b8d500aed7713ede6cdb599caa64fec586ba027d8678a33b6451385d30a1cc,"UnicodeNormalization,SymbolStripping,EscapeNeutralization,PatternRedaction",[object Object],[object Object],[object Object],sanitized,true,43,43,4,2,0
audit_1763786949402_81a6yjrdu,2025-11-22T04:49:09.402Z,9e22d35f9503c3aba1cc0446fb15c2ba80ada5a5d309738ecb0ddca061715ff9,"UnicodeNormalization,SymbolStripping,EscapeNeutralization,PatternRedaction",[object Object],[object Object],[object Object],sanitized,true,43,43,4,3,0
audit_1763786949395_qbpiy41uw,2025-11-22T04:49:09.395Z,869851ff2655ece021d09bbe898c07a28108de1f66a9a66bfd147222551fba56,"UnicodeNormalization,SymbolStripping,EscapeNeutralization,PatternRedaction",[object Object],[object Object],[object Object],sanitized,true,43,43,4,2,0
audit_1763786949387_1sdhtfa7x,2025-11-22T04:49:09.387Z,982085196eb919b185903602991ed889ff8e8d7643e0ca6b6c523c9c3159a48b,"UnicodeNormalization,SymbolStripping,EscapeNeutralization,PatternRedaction",[object Object],[object Object],[object Object],sanitized,true,43,43,4,2,0
audit_1763786949380_rvzq1c0h2,2025-11-22T04:49:09.380Z,2b2af5d00e7a9b28f371148457bd7bb2d55fa0b78eacca4b2f1f12e8f83a25ea,"UnicodeNormalization,SymbolStripping,EscapeNeutralization,PatternRedaction",[object Object],[object Object],[object Object],sanitized,true,43,43,4,2,0
audit_1763786949372_xx67bqz3,2025-11-22T04:49:09.372Z,7fce33d097c77eae23e0aea11dbbffcb2a337595e122df0ced3ad4400d85cee5,"UnicodeNormalization,SymbolStripping,EscapeNeutralization,PatternRedaction",[object Object],[object Object],[object Object],sanitized,true,43,43,4,4,0
audit_1763786949353_cobyb09rg,2025-11-22T04:49:09.353Z,bda238306680e6c7d4082ce0de32fd70a6ea80efb2b65dc5609abdefc00d483b,"UnicodeNormalization,SymbolStripping,EscapeNeutralization,PatternRedaction",[object Object],[object Object],[object Object],sanitized,true,43,43,4,2,0
audit_1763786949344_opk28hzoh,2025-11-22T04:49:09.344Z,2a59b7815a35ed677bb6054577bf377ba5fc6f15bf0c679c54ed4445597fdf75,"UnicodeNormalization,SymbolStripping,EscapeNeutralization,PatternRedaction",[object Object],[object Object],[object Object],sanitized,true,43,43,4,3,0
audit_1763786949334_jcxe33a35,2025-11-22T04:49:09.334Z,174e1ce24e92bac0a05e5838eda0f2b6b225119a5cb1897ccb5cb1e72b51f768,"UnicodeNormalization,SymbolStripping,EscapeNeutralization,PatternRedaction",[object Object],[object Object],[object Object],sanitized,true,43,43,4,4,0
audit_1763786949325_b9op9y2de,2025-11-22T04:49:09.325Z,8a794e5630eb86e4b44c172ee798bdfa6103383b161de3e83942414e5214f414,"UnicodeNormalization,SymbolStripping,EscapeNeutralization,PatternRedaction",[object Object],[object Object],[object Object],sanitized,true,43,43,4,2,0
audit_1763786949314_nrwk1o2of,2025-11-22T04:49:09.314Z,dd3f62bf2a334764a5ac14081d7f2524ae4dbde3edeb3df7e292916baab371b8,"UnicodeNormalization,SymbolStripping,EscapeNeutralization,PatternRedaction",[object Object],[object Object],[object Object],sanitized,true,43,43,4,2,0
audit_1763786949298_z22z1nd3a,2025-11-22T04:49:09.298Z,529d00d6b7e58f74990c77bfb43aff1100fe62da5a886c8964a1f9972c61a192,"UnicodeNormalization,SymbolStripping,EscapeNeutralization,PatternRedaction",[object Object],[object Object],[object Object],sanitized,true,43,43,4,3,0
audit_1763786949290_x5yfsa74l,2025-11-22T04:49:09.290Z,cd1a70f671b644c400428a7a0d3fffe3aa82f34f1e35f16a4d3d223307843f27,"UnicodeNormalization,SymbolStripping,EscapeNeutralization,PatternRedaction",[object Object],[object Object],[object Object],sanitized,true,43,43,4,2,0
audit_1763786949283_7qp7pfrx9,2025-11-22T04:49:09.283Z,583eef5051485c7c09510173c1b4de42f95f402a211ba0932c8fb00a8f7860d7,"UnicodeNormalization,SymbolStripping,EscapeNeutralization,PatternRedaction",[object Object],[object Object],[object Object],sanitized,true,43,43,4,3,0
audit_1763786949268_p826cg5du,2025-11-22T04:49:09.268Z,7763fd66341afcbe233b03f0125c426104d9450b070b328b29629a79a63b10fa,"UnicodeNormalization,SymbolStripping,EscapeNeutralization,PatternRedaction",[object Object],[object Object],[object Object],sanitized,true,43,43,4,6,0
audit_1763786949250_2wpz3wydy,2025-11-22T04:49:09.250Z,53a51e705b16ce9b378fa6439293c3f7b2efd636ed5438a81e75a6103cb85270,"UnicodeNormalization,SymbolStripping,EscapeNeutralization,PatternRedaction",[object Object],[object Object],[object Object],sanitized,true,43,43,4,8,0
audit_1763786949214_qzf2s60eg,2025-11-22T04:49:09.214Z,b2ab9785bbe169fce75214bfdb23e4f0d2402d63bbf8e3136873344477d85242,"UnicodeNormalization,SymbolStripping,EscapeNeutralization,PatternRedaction",[object Object],[object Object],[object Object],sanitized,true,43,43,4,2,0
audit_1763786949206_oyfev967h,2025-11-22T04:49:09.206Z,936f5e6115141e5882cc160d25e92efc6c8a93af2279ff5db66e336bd1d8da2b,"UnicodeNormalization,SymbolStripping,EscapeNeutralization,PatternRedaction",[object Object],[object Object],[object Object],sanitized,true,43,43,4,3,0
audit_1763786949191_z5pzltvul,2025-11-22T04:49:09.191Z,fef0218db07bce1ea53fde4cd80a42fca35d0a89587b5b3fc9cbf9e612fcb676,"UnicodeNormalization,SymbolStripping,EscapeNeutralization,PatternRedaction",[object Object],[object Object],[object Object],sanitized,true,43,43,4,2,0
audit_1763786949179_ma7ctbp0b,2025-11-22T04:49:09.179Z,74d04aa2193a624620077ffe6b67ad39f3c9e96d3636b3d261aaf239ebc29320,"UnicodeNormalization,SymbolStripping,EscapeNeutralization,PatternRedaction",[object Object],[object Object],[object Object],sanitized,true,43,43,4,3,0
audit_1763786949166_yzkdvgmrz,2025-11-22T04:49:09.166Z,82cf912e5297c4bd2a735e59b49930e15b3c2dda4aa064c5aeedd3c561959db1,"UnicodeNormalization,SymbolStripping,EscapeNeutralization,PatternRedaction",[object Object],[object Object],[object Object],sanitized,true,43,43,4,7,0
audit_1763786949122_p2nlz5fj3,2025-11-22T04:49:09.122Z,c57c7e196a09b779f88da82fd6ea1342f41d83cd259913a0e56128c20ac42dc7,"UnicodeNormalization,SymbolStripping,EscapeNeutralization,PatternRedaction",[object Object],[object Object],[object Object],sanitized,true,43,43,4,3,0
audit_1763786949111_w6czdyl0t,2025-11-22T04:49:09.111Z,6b04bb07dbb2b99cf1137fdf92bf10d25a667b47a43098a69208d1ad4fcf2bc8,"UnicodeNormalization,SymbolStripping,EscapeNeutralization,PatternRedaction",[object Object],[object Object],[object Object],sanitized,true,43,43,4,3,0
audit_1763786949103_x70k1plf4,2025-11-22T04:49:09.103Z,6b172d8a45c667ca066d0aad6760bc7e68be319e7b603c4d94cfe33dee10f112,"UnicodeNormalization,SymbolStripping,EscapeNeutralization,PatternRedaction",[object Object],[object Object],[object Object],sanitized,true,43,43,4,4,0
audit_1763786949086_amcjzskai,2025-11-22T04:49:09.086Z,4c30cce2a576b3d716301f49f6becfeab0ed2ee8abb80aeb8841af14d03ade3a,"UnicodeNormalization,SymbolStripping,EscapeNeutralization,PatternRedaction",[object Object],[object Object],[object Object],sanitized,true,43,43,4,7,0
audit_1763786949062_gqtwzrn6b,2025-11-22T04:49:09.062Z,f9d3dc3fd5293c484a4d2b7e65fc697b52994923c48a7693c07bd1be851690a0,"UnicodeNormalization,SymbolStripping,EscapeNeutralization,PatternRedaction",[object Object],[object Object],[object Object],sanitized,true,43,43,4,10,0
audit_1763786949008_fsmjw8yau,2025-11-22T04:49:09.008Z,9df6235431ccc1d0280cc664375a7040f56ee28f40bc9c610d3182819473b880,"UnicodeNormalization,SymbolStripping,EscapeNeutralization,PatternRedaction",[object Object],[object Object],[object Object],sanitized,true,43,43,4,5,0
audit_1763786948988_m4w08rh2x,2025-11-22T04:49:08.988Z,b3c3c13b854bfdb6cc7719184bef1df875381246bb0df0fbc31cd5bbeeca81ef,"UnicodeNormalization,SymbolStripping,EscapeNeutralization,PatternRedaction",[object Object],[object Object],[object Object],sanitized,true,43,43,4,6,0
audit_1763786948971_pj1c39atl,2025-11-22T04:49:08.971Z,50c4f7d31f3fe2fbd0c902a1dbd15b9e125985fa480916f8dd03e5f72c66a177,"UnicodeNormalization,SymbolStripping,EscapeNeutralization,PatternRedaction",[object Object],[object Object],[object Object],sanitized,true,42,42,4,3,0
audit_1763786948960_6qbv6o4o0,2025-11-22T04:49:08.960Z,c203fa6f2d1ef9a52e0339e641e08174f653ce59e7ede5584c3aaef17e824909,"UnicodeNormalization,SymbolStripping,EscapeNeutralization,PatternRedaction",[object Object],[object Object],[object Object],sanitized,true,42,42,4,2,0
audit_1763786948939_v2wyu0ibe,2025-11-22T04:49:08.939Z,c9f3ea657feb98fca14de75b01159e3fecc8efcbeea59dec83ce9cc513166207,"UnicodeNormalization,SymbolStripping,EscapeNeutralization,PatternRedaction",[object Object],[object Object],[object Object],sanitized,true,42,42,4,3,0
audit_1763786948909_ymwu8txco,2025-11-22T04:49:08.909Z,b4261cdfaf49a8df4789bc6881e2b2f5cff38a3cf6d1a35f88953be23aaa8c45,"UnicodeNormalization,SymbolStripping,EscapeNeutralization,PatternRedaction",[object Object],[object Object],[object Object],sanitized,true,42,42,4,3,0
audit_1763786948899_4x7nuaudl,2025-11-22T04:49:08.899Z,edd8d934cfa23524950809cf602bcacf3e409a2a425268c932ec308de2405255,"UnicodeNormalization,SymbolStripping,EscapeNeutralization,PatternRedaction",[object Object],[object Object],[object Object],sanitized,true,42,42,4,3,0
audit_1763786948885_zt7sbbkke,2025-11-22T04:49:08.885Z,99841cf3cd35747a1441bf1ede0a59bb9f8f5a00d1fd9094b88546c6d899f242,"UnicodeNormalization,SymbolStripping,EscapeNeutralization,PatternRedaction",[object Object],[object Object],[object Object],sanitized,true,42,42,4,4,0
audit_1763786948875_ec7ddhhno,2025-11-22T04:49:08.875Z,d1bdd627c266269554795333b2d99cfc8f0005c81c7dd7ec67224c7e07558c63,"UnicodeNormalization,SymbolStripping,EscapeNeutralization,PatternRedaction",[object Object],[object Object],[object Object],sanitized,true,42,42,4,2,0
audit_1763786948864_c94t1gifp,2025-11-22T04:49:08.864Z,000028d31b7f51bd29e3740fb10013d43160ddea20f4b8ebfde57fdb62639fe7,"UnicodeNormalization,SymbolStripping,EscapeNeutralization,PatternRedaction",[object Object],[object Object],[object Object],sanitized,true,42,42,4,3,0
audit_1763786948847_1iyujw9xe,2025-11-22T04:49:08.847Z,8b1a793b2bfcdbd27765cf65833fb65cc07b6c94bedd3097c0394b7d9b396088,"UnicodeNormalization,SymbolStripping,EscapeNeutralization,PatternRedaction",[object Object],[object Object],[object Object],sanitized,true,42,42,4,2,0
audit_1763786948834_vf4lsi50a,2025-11-22T04:49:08.834Z,4b1d8928533442dbd796f0ad468adcb2af7ec19d8cc52b8b27ddf123d5ceded5,"UnicodeNormalization,SymbolStripping,EscapeNeutralization,PatternRedaction",[object Object],[object Object],[object Object],sanitized,true,42,42,4,7,0
audit_1763786945399_euf549rmi,2025-11-22T04:49:05.399Z,7dec524a5d8cb417abc13243ea0deef5d4516070abb0c933920f028709848ef6,"UnicodeNormalization,SymbolStripping,EscapeNeutralization,PatternRedaction",[object Object],[object Object],[object Object],sanitized,true,28,28,4,2,0
audit_1763786945395_y3e7ml8ha,2025-11-22T04:49:05.395Z,42b3de043e607922ecb90bd3011f1a71f0bc8632ffa41911b7b32073962dd283,"UnicodeNormalization,SymbolStripping,EscapeNeutralization,PatternRedaction",[object Object],[object Object],[object Object],sanitized,true,17,17,4,3,0
audit_1763786945348_015p7vup5,2025-11-22T04:49:05.348Z,1b850f9064e11e7435b3c60be87969f4770193db21db3535a11e0fc3a000e3dc,"UnicodeNormalization,SymbolStripping,EscapeNeutralization,PatternRedaction",[object Object],[object Object],[object Object],sanitized,true,112,112,4,6,0
audit_1763786945323_erekaamsa,2025-11-22T04:49:05.323Z,1b850f9064e11e7435b3c60be87969f4770193db21db3535a11e0fc3a000e3dc,"UnicodeNormalization,SymbolStripping,EscapeNeutralization,PatternRedaction",[object Object],[object Object],[object Object],sanitized,true,112,112,4,6,0
audit_1763786945223_aie6ywc6h,2025-11-22T04:49:05.223Z,1b850f9064e11e7435b3c60be87969f4770193db21db3535a11e0fc3a000e3dc,"UnicodeNormalization,SymbolStripping,EscapeNeutralization,PatternRedaction",[object Object],[object Object],[object Object],sanitized,true,112,112,4,5,0
audit_1763786944400_1tu8otv21,2025-11-22T04:49:04.400Z,c277f8c0f10547d9cd5a060b23ebdfc15c708203c58918c865534e368fcd1630,"UnicodeNormalization,SymbolStripping,EscapeNeutralization,PatternRedaction",[object Object],[object Object],[object Object],sanitized,true,1041,1041,4,6,0
audit_1763786944373_61ig9yxer,2025-11-22T04:49:04.373Z,c277f8c0f10547d9cd5a060b23ebdfc15c708203c58918c865534e368fcd1630,"UnicodeNormalization,SymbolStripping,EscapeNeutralization,PatternRedaction",[object Object],[object Object],[object Object],sanitized,true,1041,1041,4,7,0
audit_1763786944349_mev7h7g7c,2025-11-22T04:49:04.349Z,c277f8c0f10547d9cd5a060b23ebdfc15c708203c58918c865534e368fcd1630,"UnicodeNormalization,SymbolStripping,EscapeNeutralization,PatternRedaction",[object Object],[object Object],[object Object],sanitized,true,1041,1041,4,6,0
audit_1763786944334_mulq63prz,2025-11-22T04:49:04.334Z,c277f8c0f10547d9cd5a060b23ebdfc15c708203c58918c865534e368fcd1630,"UnicodeNormalization,SymbolStripping,EscapeNeutralization,PatternRedaction",[object Object],[object Object],[object Object],sanitized,true,1041,1041,4,2,0
audit_1763786944284_qozzlenq0,2025-11-22T04:49:04.284Z,c277f8c0f10547d9cd5a060b23ebdfc15c708203c58918c865534e368fcd1630,"UnicodeNormalization,SymbolStripping,EscapeNeutralization,PatternRedaction",[object Object],[object Object],[object Object],sanitized,true,1041,1041,4,3,0
audit_1763786944276_v8jrzgogk,2025-11-22T04:49:04.276Z,c277f8c0f10547d9cd5a060b23ebdfc15c708203c58918c865534e368fcd1630,"UnicodeNormalization,SymbolStripping,EscapeNeutralization,PatternRedaction",[object Object],[object Object],[object Object],sanitized,true,1041,1041,4,2,0
audit_1763786944257_ljfc0j9cd,2025-11-22T04:49:04.257Z,c277f8c0f10547d9cd5a060b23ebdfc15c708203c58918c865534e368fcd1630,"UnicodeNormalization,SymbolStripping,EscapeNeutralization,PatternRedaction",[object Object],[object Object],[object Object],sanitized,true,1041,1041,4,7,0
audit_1763786944236_9pgwtk2bf,2025-11-22T04:49:04.236Z,c277f8c0f10547d9cd5a060b23ebdfc15c708203c58918c865534e368fcd1630,"UnicodeNormalization,SymbolStripping,EscapeNeutralization,PatternRedaction",[object Object],[object Object],[object Object],sanitized,true,1041,1041,4,6,0
audit_1763786944214_p1hqt9o9w,2025-11-22T04:49:04.214Z,c277f8c0f10547d9cd5a060b23ebdfc15c708203c58918c865534e368fcd1630,"UnicodeNormalization,SymbolStripping,EscapeNeutralization,PatternRedaction",[object Object],[object Object],[object Object],sanitized,true,1041,1041,4,2,0
audit_1763786944192_za40snx6h,2025-11-22T04:49:04.192Z,c277f8c0f10547d9cd5a060b23ebdfc15c708203c58918c865534e368fcd1630,"UnicodeNormalization,SymbolStripping,EscapeNeutralization,PatternRedaction",[object Object],[object Object],[object Object],sanitized,true,1041,1041,4,3,0
audit_1763786944182_uwnlv98oh,2025-11-22T04:49:04.182Z,c277f8c0f10547d9cd5a060b23ebdfc15c708203c58918c865534e368fcd1630,"UnicodeNormalization,SymbolStripping,EscapeNeutralization,PatternRedaction",[object Object],[object Object],[object Object],sanitized,true,1041,1041,4,3,0
audit_1763786944172_4u329cag1,2025-11-22T04:49:04.172Z,c277f8c0f10547d9cd5a060b23ebdfc15c708203c58918c865534e368fcd1630,"UnicodeNormalization,SymbolStripping,EscapeNeutralization,PatternRedaction",[object Object],[object Object],[object Object],sanitized,true,1041,1041,4,2,0
audit_1763786944158_y49zdn5mb,2025-11-22T04:49:04.158Z,c277f8c0f10547d9cd5a060b23ebdfc15c708203c58918c865534e368fcd1630,"UnicodeNormalization,SymbolStripping,EscapeNeutralization,PatternRedaction",[object Object],[object Object],[object Object],sanitized,true,1041,1041,4,5,0
audit_1763786944139_r89ktaihz,2025-11-22T04:49:04.139Z,c277f8c0f10547d9cd5a060b23ebdfc15c708203c58918c865534e368fcd1630,"UnicodeNormalization,SymbolStripping,EscapeNeutralization,PatternRedaction",[object Object],[object Object],[object Object],sanitized,true,1041,1041,4,3,0
audit_1763786944123_gplt2b9xj,2025-11-22T04:49:04.123Z,c277f8c0f10547d9cd5a060b23ebdfc15c708203c58918c865534e368fcd1630,"UnicodeNormalization,SymbolStripping,EscapeNeutralization,PatternRedaction",[object Object],[object Object],[object Object],sanitized,true,1041,1041,4,6,0
audit_1763786944109_qtrfvithc,2025-11-22T04:49:04.109Z,c277f8c0f10547d9cd5a060b23ebdfc15c708203c58918c865534e368fcd1630,"UnicodeNormalization,SymbolStripping,EscapeNeutralization,PatternRedaction",[object Object],[object Object],[object Object],sanitized,true,1041,1041,4,3,0
audit_1763786944094_ijlwz13fs,2025-11-22T04:49:04.094Z,c277f8c0f10547d9cd5a060b23ebdfc15c708203c58918c865534e368fcd1630,"UnicodeNormalization,SymbolStripping,EscapeNeutralization,PatternRedaction",[object Object],[object Object],[object Object],sanitized,true,1041,1041,4,3,0
audit_1763786944086_f9c7tnvaw,2025-11-22T04:49:04.086Z,c277f8c0f10547d9cd5a060b23ebdfc15c708203c58918c865534e368fcd1630,"UnicodeNormalization,SymbolStripping,EscapeNeutralization,PatternRedaction",[object Object],[object Object],[object Object],sanitized,true,1041,1041,4,5,0
audit_1763786944074_in0woo4ft,2025-11-22T04:49:04.074Z,c277f8c0f10547d9cd5a060b23ebdfc15c708203c58918c865534e368fcd1630,"UnicodeNormalization,SymbolStripping,EscapeNeutralization,PatternRedaction",[object Object],[object Object],[object Object],sanitized,true,1041,1041,4,3,0
audit_1763786944049_2xob5w4td,2025-11-22T04:49:04.049Z,c277f8c0f10547d9cd5a060b23ebdfc15c708203c58918c865534e368fcd1630,"UnicodeNormalization,SymbolStripping,EscapeNeutralization,PatternRedaction",[object Object],[object Object],[object Object],sanitized,true,1041,1041,4,6,0
audit_1763786944034_7qqsbxajk,2025-11-22T04:49:04.034Z,c277f8c0f10547d9cd5a060b23ebdfc15c708203c58918c865534e368fcd1630,"UnicodeNormalization,SymbolStripping,EscapeNeutralization,PatternRedaction",[object Object],[object Object],[object Object],sanitized,true,1041,1041,4,3,0
audit_1763786944019_n2c6cok1x,2025-11-22T04:49:04.019Z,c277f8c0f10547d9cd5a060b23ebdfc15c708203c58918c865534e368fcd1630,"UnicodeNormalization,SymbolStripping,EscapeNeutralization,PatternRedaction",[object Object],[object Object],[object Object],sanitized,true,1041,1041,4,3,0
audit_1763786944008_afgllrkyp,2025-11-22T04:49:04.008Z,c277f8c0f10547d9cd5a060b23ebdfc15c708203c58918c865534e368fcd1630,"UnicodeNormalization,SymbolStripping,EscapeNeutralization,PatternRedaction",[object Object],[object Object],[object Object],sanitized,true,1041,1041,4,3,0
audit_1763786943996_t9hz172mh,2025-11-22T04:49:03.996Z,c277f8c0f10547d9cd5a060b23ebdfc15c708203c58918c865534e368fcd1630,"UnicodeNormalization,SymbolStripping,EscapeNeutralization,PatternRedaction",[object Object],[object Object],[object Object],sanitized,true,1041,1041,4,2,0
audit_1763786943969_zxben7qqk,2025-11-22T04:49:03.969Z,c277f8c0f10547d9cd5a060b23ebdfc15c708203c58918c865534e368fcd1630,"UnicodeNormalization,SymbolStripping,EscapeNeutralization,PatternRedaction",[object Object],[object Object],[object Object],sanitized,true,1041,1041,4,6,0
audit_1763786943947_v2t4p65i5,2025-11-22T04:49:03.947Z,c277f8c0f10547d9cd5a060b23ebdfc15c708203c58918c865534e368fcd1630,"UnicodeNormalization,SymbolStripping,EscapeNeutralization,PatternRedaction",[object Object],[object Object],[object Object],sanitized,true,1041,1041,4,2,0
audit_1763786943926_jj725kprz,2025-11-22T04:49:03.926Z,c277f8c0f10547d9cd5a060b23ebdfc15c708203c58918c865534e368fcd1630,"UnicodeNormalization,SymbolStripping,EscapeNeutralization,PatternRedaction",[object Object],[object Object],[object Object],sanitized,true,1041,1041,4,7,0
audit_1763786943913_lf36w0j2n,2025-11-22T04:49:03.913Z,c277f8c0f10547d9cd5a060b23ebdfc15c708203c58918c865534e368fcd1630,"UnicodeNormalization,SymbolStripping,EscapeNeutralization,PatternRedaction",[object Object],[object Object],[object Object],sanitized,true,1041,1041,4,2,0
audit_1763786943898_pfjt2wy3y,2025-11-22T04:49:03.898Z,c277f8c0f10547d9cd5a060b23ebdfc15c708203c58918c865534e368fcd1630,"UnicodeNormalization,SymbolStripping,EscapeNeutralization,PatternRedaction",[object Object],[object Object],[object Object],sanitized,true,1041,1041,4,3,0
audit_1763786943864_1vnqj7f43,2025-11-22T04:49:03.864Z,c277f8c0f10547d9cd5a060b23ebdfc15c708203c58918c865534e368fcd1630,"UnicodeNormalization,SymbolStripping,EscapeNeutralization,PatternRedaction",[object Object],[object Object],[object Object],sanitized,true,1041,1041,4,8,0
audit_1763786943843_hnitap7sb,2025-11-22T04:49:03.843Z,c277f8c0f10547d9cd5a060b23ebdfc15c708203c58918c865534e368fcd1630,"UnicodeNormalization,SymbolStripping,EscapeNeutralization,PatternRedaction",[object Object],[object Object],[object Object],sanitized,true,1041,1041,4,7,0
audit_1763786943827_7hicavhfq,2025-11-22T04:49:03.827Z,c277f8c0f10547d9cd5a060b23ebdfc15c708203c58918c865534e368fcd1630,"UnicodeNormalization,SymbolStripping,EscapeNeutralization,PatternRedaction",[object Object],[object Object],[object Object],sanitized,true,1041,1041,4,2,0
audit_1763786943817_mjcdr2bsj,2025-11-22T04:49:03.817Z,c277f8c0f10547d9cd5a060b23ebdfc15c708203c58918c865534e368fcd1630,"UnicodeNormalization,SymbolStripping,EscapeNeutralization,PatternRedaction",[object Object],[object Object],[object Object],sanitized,true,1041,1041,4,3,0
audit_1763786943795_5z1c0gaxg,2025-11-22T04:49:03.795Z,c277f8c0f10547d9cd5a060b23ebdfc15c708203c58918c865534e368fcd1630,"UnicodeNormalization,SymbolStripping,EscapeNeutralization,PatternRedaction",[object Object],[object Object],[object Object],sanitized,true,1041,1041,4,7,0
audit_1763786943754_ujgtr96qu,2025-11-22T04:49:03.754Z,c277f8c0f10547d9cd5a060b23ebdfc15c708203c58918c865534e368fcd1630,"UnicodeNormalization,SymbolStripping,EscapeNeutralization,PatternRedaction",[object Object],[object Object],[object Object],sanitized,true,1041,1041,4,2,0
audit_1763786943745_r9thyiajw,2025-11-22T04:49:03.745Z,c277f8c0f10547d9cd5a060b23ebdfc15c708203c58918c865534e368fcd1630,"UnicodeNormalization,SymbolStripping,EscapeNeutralization,PatternRedaction",[object Object],[object Object],[object Object],sanitized,true,1041,1041,4,3,0
audit_1763786943730_xka3rs1p0,2025-11-22T04:49:03.730Z,c277f8c0f10547d9cd5a060b23ebdfc15c708203c58918c865534e368fcd1630,"UnicodeNormalization,SymbolStripping,EscapeNeutralization,PatternRedaction",[object Object],[object Object],[object Object],sanitized,true,1041,1041,4,2,0
audit_1763786943722_64n8wuzmq,2025-11-22T04:49:03.722Z,c277f8c0f10547d9cd5a060b23ebdfc15c708203c58918c865534e368fcd1630,"UnicodeNormalization,SymbolStripping,EscapeNeutralization,PatternRedaction",[object Object],[object Object],[object Object],sanitized,true,1041,1041,4,5,0
audit_1763786943709_ixodv4v3z,2025-11-22T04:49:03.709Z,c277f8c0f10547d9cd5a060b23ebdfc15c708203c58918c865534e368fcd1630,"UnicodeNormalization,SymbolStripping,EscapeNeutralization,PatternRedaction",[object Object],[object Object],[object Object],sanitized,true,1041,1041,4,3,0
audit_1763786943681_ko054qm00,2025-11-22T04:49:03.681Z,c277f8c0f10547d9cd5a060b23ebdfc15c708203c58918c865534e368fcd1630,"UnicodeNormalization,SymbolStripping,EscapeNeutralization,PatternRedaction",[object Object],[object Object],[object Object],sanitized,true,1041,1041,4,4,0
audit_1763786943660_hoxyod4nr,2025-11-22T04:49:03.660Z,c277f8c0f10547d9cd5a060b23ebdfc15c708203c58918c865534e368fcd1630,"UnicodeNormalization,SymbolStripping,EscapeNeutralization,PatternRedaction",[object Object],[object Object],[object Object],sanitized,true,1041,1041,4,7,0
audit_1763786943647_iipjo4ld6,2025-11-22T04:49:03.647Z,c277f8c0f10547d9cd5a060b23ebdfc15c708203c58918c865534e368fcd1630,"UnicodeNormalization,SymbolStripping,EscapeNeutralization,PatternRedaction",[object Object],[object Object],[object Object],sanitized,true,1041,1041,4,3,0
audit_1763786943629_jbs838s37,2025-11-22T04:49:03.629Z,c277f8c0f10547d9cd5a060b23ebdfc15c708203c58918c865534e368fcd1630,"UnicodeNormalization,SymbolStripping,EscapeNeutralization,PatternRedaction",[object Object],[object Object],[object Object],sanitized,true,1041,1041,4,7,0
audit_1763786943610_5ti2tp9l3,2025-11-22T04:49:03.610Z,c277f8c0f10547d9cd5a060b23ebdfc15c708203c58918c865534e368fcd1630,"UnicodeNormalization,SymbolStripping,EscapeNeutralization,PatternRedaction",[object Object],[object Object],[object Object],sanitized,true,1041,1041,4,3,0
audit_1763786943543_fkgeuwani,2025-11-22T04:49:03.543Z,c277f8c0f10547d9cd5a060b23ebdfc15c708203c58918c865534e368fcd1630,"UnicodeNormalization,SymbolStripping,EscapeNeutralization,PatternRedaction",[object Object],[object Object],[object Object],sanitized,true,1041,1041,4,3,0
audit_1763786943531_2tbp9urrt,2025-11-22T04:49:03.531Z,c277f8c0f10547d9cd5a060b23ebdfc15c708203c58918c865534e368fcd1630,"UnicodeNormalization,SymbolStripping,EscapeNeutralization,PatternRedaction",[object Object],[object Object],[object Object],sanitized,true,1041,1041,4,2,0
audit_1763786943523_abqdcu591,2025-11-22T04:49:03.523Z,c277f8c0f10547d9cd5a060b23ebdfc15c708203c58918c865534e368fcd1630,"UnicodeNormalization,SymbolStripping,EscapeNeutralization,PatternRedaction",[object Object],[object Object],[object Object],sanitized,true,1041,1041,4,6,0
audit_1763786943499_dc9ngkuis,2025-11-22T04:49:03.499Z,c277f8c0f10547d9cd5a060b23ebdfc15c708203c58918c865534e368fcd1630,"UnicodeNormalization,SymbolStripping,EscapeNeutralization,PatternRedaction",[object Object],[object Object],[object Object],sanitized,true,1041,1041,4,6,0
audit_1763786943479_zhgvbufwj,2025-11-22T04:49:03.479Z,c277f8c0f10547d9cd5a060b23ebdfc15c708203c58918c865534e368fcd1630,"UnicodeNormalization,SymbolStripping,EscapeNeutralization,PatternRedaction",[object Object],[object Object],[object Object],sanitized,true,1041,1041,4,2,0
audit_1763786943398_5uywg7pvf,2025-11-22T04:49:03.398Z,c277f8c0f10547d9cd5a060b23ebdfc15c708203c58918c865534e368fcd1630,"UnicodeNormalization,SymbolStripping,EscapeNeutralization,PatternRedaction",[object Object],[object Object],[object Object],sanitized,true,1041,1041,4,6,0
audit_1763786943385_kyt4yrdct,2025-11-22T04:49:03.385Z,c277f8c0f10547d9cd5a060b23ebdfc15c708203c58918c865534e368fcd1630,"UnicodeNormalization,SymbolStripping,EscapeNeutralization,PatternRedaction",[object Object],[object Object],[object Object],sanitized,true,1041,1041,4,2,0
audit_1763786943376_l9i4dgey0,2025-11-22T04:49:03.376Z,c277f8c0f10547d9cd5a060b23ebdfc15c708203c58918c865534e368fcd1630,"UnicodeNormalization,SymbolStripping,EscapeNeutralization,PatternRedaction",[object Object],[object Object],[object Object],sanitized,true,1041,1041,4,3,0
audit_1763786943366_9kk1ny1au,2025-11-22T04:49:03.366Z,c277f8c0f10547d9cd5a060b23ebdfc15c708203c58918c865534e368fcd1630,"UnicodeNormalization,SymbolStripping,EscapeNeutralization,PatternRedaction",[object Object],[object Object],[object Object],sanitized,true,1041,1041,4,3,0
audit_1763786943349_z2itv7gku,2025-11-22T04:49:03.349Z,c277f8c0f10547d9cd5a060b23ebdfc15c708203c58918c865534e368fcd1630,"UnicodeNormalization,SymbolStripping,EscapeNeutralization,PatternRedaction",[object Object],[object Object],[object Object],sanitized,true,1041,1041,4,3,0
audit_1763786943309_gqsildsbb,2025-11-22T04:49:03.309Z,c277f8c0f10547d9cd5a060b23ebdfc15c708203c58918c865534e368fcd1630,"UnicodeNormalization,SymbolStripping,EscapeNeutralization,PatternRedaction",[object Object],[object Object],[object Object],sanitized,true,1041,1041,4,3,0
audit_1763786943290_5n29g1zbz,2025-11-22T04:49:03.290Z,c277f8c0f10547d9cd5a060b23ebdfc15c708203c58918c865534e368fcd1630,"UnicodeNormalization,SymbolStripping,EscapeNeutralization,PatternRedaction",[object Object],[object Object],[object Object],sanitized,true,1041,1041,4,7,0
audit_1763786943274_78ddd6yl9,2025-11-22T04:49:03.274Z,c277f8c0f10547d9cd5a060b23ebdfc15c708203c58918c865534e368fcd1630,"UnicodeNormalization,SymbolStripping,EscapeNeutralization,PatternRedaction",[object Object],[object Object],[object Object],sanitized,true,1041,1041,4,10,0
audit_1763786943250_xpnjbfdes,2025-11-22T04:49:03.250Z,c277f8c0f10547d9cd5a060b23ebdfc15c708203c58918c865534e368fcd1630,"UnicodeNormalization,SymbolStripping,EscapeNeutralization,PatternRedaction",[object Object],[object Object],[object Object],sanitized,true,1041,1041,4,12,0
audit_1763786943222_2jhgekth0,2025-11-22T04:49:03.222Z,c277f8c0f10547d9cd5a060b23ebdfc15c708203c58918c865534e368fcd1630,"UnicodeNormalization,SymbolStripping,EscapeNeutralization,PatternRedaction",[object Object],[object Object],[object Object],sanitized,true,1041,1041,4,6,0
audit_1763786943198_2uswuzcgw,2025-11-22T04:49:03.198Z,c277f8c0f10547d9cd5a060b23ebdfc15c708203c58918c865534e368fcd1630,"UnicodeNormalization,SymbolStripping,EscapeNeutralization,PatternRedaction",[object Object],[object Object],[object Object],sanitized,true,1041,1041,4,3,0
audit_1763786943189_oos4cb6p3,2025-11-22T04:49:03.189Z,c277f8c0f10547d9cd5a060b23ebdfc15c708203c58918c865534e368fcd1630,"UnicodeNormalization,SymbolStripping,EscapeNeutralization,PatternRedaction",[object Object],[object Object],[object Object],sanitized,true,1041,1041,4,3,0
audit_1763786943175_9kovi5kw8,2025-11-22T04:49:03.175Z,c277f8c0f10547d9cd5a060b23ebdfc15c708203c58918c865534e368fcd1630,"UnicodeNormalization,SymbolStripping,EscapeNeutralization,PatternRedaction",[object Object],[object Object],[object Object],sanitized,true,1041,1041,4,3,0
audit_1763786943162_8ji9o5euh,2025-11-22T04:49:03.162Z,c277f8c0f10547d9cd5a060b23ebdfc15c708203c58918c865534e368fcd1630,"UnicodeNormalization,SymbolStripping,EscapeNeutralization,PatternRedaction",[object Object],[object Object],[object Object],sanitized,true,1041,1041,4,3,0
audit_1763786943148_gmk56f859,2025-11-22T04:49:03.148Z,c277f8c0f10547d9cd5a060b23ebdfc15c708203c58918c865534e368fcd1630,"UnicodeNormalization,SymbolStripping,EscapeNeutralization,PatternRedaction",[object Object],[object Object],[object Object],sanitized,true,1041,1041,4,4,0
audit_1763786943125_gz49udy2f,2025-11-22T04:49:03.125Z,c277f8c0f10547d9cd5a060b23ebdfc15c708203c58918c865534e368fcd1630,"UnicodeNormalization,SymbolStripping,EscapeNeutralization,PatternRedaction",[object Object],[object Object],[object Object],sanitized,true,1041,1041,4,3,0
audit_1763786943111_mz1tojyuh,2025-11-22T04:49:03.111Z,c277f8c0f10547d9cd5a060b23ebdfc15c708203c58918c865534e368fcd1630,"UnicodeNormalization,SymbolStripping,EscapeNeutralization,PatternRedaction",[object Object],[object Object],[object Object],sanitized,true,1041,1041,4,7,0
audit_1763786943082_zq3txl1k4,2025-11-22T04:49:03.082Z,c277f8c0f10547d9cd5a060b23ebdfc15c708203c58918c865534e368fcd1630,"UnicodeNormalization,SymbolStripping,EscapeNeutralization,PatternRedaction",[object Object],[object Object],[object Object],sanitized,true,1041,1041,4,7,0
audit_1763786943055_eq6gfvfxp,2025-11-22T04:49:03.055Z,c277f8c0f10547d9cd5a060b23ebdfc15c708203c58918c865534e368fcd1630,"UnicodeNormalization,SymbolStripping,EscapeNeutralization,PatternRedaction",[object Object],[object Object],[object Object],sanitized,true,1041,1041,4,5,0
audit_1763786943030_sqqhcrzi1,2025-11-22T04:49:03.030Z,c277f8c0f10547d9cd5a060b23ebdfc15c708203c58918c865534e368fcd1630,"UnicodeNormalization,SymbolStripping,EscapeNeutralization,PatternRedaction",[object Object],[object Object],[object Object],sanitized,true,1041,1041,4,3,0
audit_1763786942969_watn0g1q2,2025-11-22T04:49:02.969Z,c277f8c0f10547d9cd5a060b23ebdfc15c708203c58918c865534e368fcd1630,"UnicodeNormalization,SymbolStripping,EscapeNeutralization,PatternRedaction",[object Object],[object Object],[object Object],sanitized,true,1041,1041,4,3,0
audit_1763786942957_m71ampx1d,2025-11-22T04:49:02.957Z,c277f8c0f10547d9cd5a060b23ebdfc15c708203c58918c865534e368fcd1630,"UnicodeNormalization,SymbolStripping,EscapeNeutralization,PatternRedaction",[object Object],[object Object],[object Object],sanitized,true,1041,1041,4,3,0
audit_1763786942939_aeiqkpiia,2025-11-22T04:49:02.939Z,c277f8c0f10547d9cd5a060b23ebdfc15c708203c58918c865534e368fcd1630,"UnicodeNormalization,SymbolStripping,EscapeNeutralization,PatternRedaction",[object Object],[object Object],[object Object],sanitized,true,1041,1041,4,2,0
audit_1763786942928_19snakn1s,2025-11-22T04:49:02.928Z,c277f8c0f10547d9cd5a060b23ebdfc15c708203c58918c865534e368fcd1630,"UnicodeNormalization,SymbolStripping,EscapeNeutralization,PatternRedaction",[object Object],[object Object],[object Object],sanitized,true,1041,1041,4,3,0
audit_1763786942915_xx8jb2vqx,2025-11-22T04:49:02.915Z,c277f8c0f10547d9cd5a060b23ebdfc15c708203c58918c865534e368fcd1630,"UnicodeNormalization,SymbolStripping,EscapeNeutralization,PatternRedaction",[object Object],[object Object],[object Object],sanitized,true,1041,1041,4,3,0
audit_1763786942855_065sdjo8d,2025-11-22T04:49:02.855Z,c277f8c0f10547d9cd5a060b23ebdfc15c708203c58918c865534e368fcd1630,"UnicodeNormalization,SymbolStripping,EscapeNeutralization,PatternRedaction",[object Object],[object Object],[object Object],sanitized,true,1041,1041,4,2,0
audit_1763786942847_0z3cl1ye6,2025-11-22T04:49:02.847Z,c277f8c0f10547d9cd5a060b23ebdfc15c708203c58918c865534e368fcd1630,"UnicodeNormalization,SymbolStripping,EscapeNeutralization,PatternRedaction",[object Object],[object Object],[object Object],sanitized,true,1041,1041,4,3,0
audit_1763786942833_xi53pg765,2025-11-22T04:49:02.833Z,c277f8c0f10547d9cd5a060b23ebdfc15c708203c58918c865534e368fcd1630,"UnicodeNormalization,SymbolStripping,EscapeNeutralization,PatternRedaction",[object Object],[object Object],[object Object],sanitized,true,1041,1041,4,9,0
audit_1763786942799_nq4b7xv1e,2025-11-22T04:49:02.799Z,c277f8c0f10547d9cd5a060b23ebdfc15c708203c58918c865534e368fcd1630,"UnicodeNormalization,SymbolStripping,EscapeNeutralization,PatternRedaction",[object Object],[object Object],[object Object],sanitized,true,1041,1041,4,4,0
audit_1763786942778_5dwpv5ok7,2025-11-22T04:49:02.778Z,c277f8c0f10547d9cd5a060b23ebdfc15c708203c58918c865534e368fcd1630,"UnicodeNormalization,SymbolStripping,EscapeNeutralization,PatternRedaction",[object Object],[object Object],[object Object],sanitized,true,1041,1041,4,3,0
audit_1763786942743_jz57cfgux,2025-11-22T04:49:02.743Z,c277f8c0f10547d9cd5a060b23ebdfc15c708203c58918c865534e368fcd1630,"UnicodeNormalization,SymbolStripping,EscapeNeutralization,PatternRedaction",[object Object],[object Object],[object Object],sanitized,true,1041,1041,4,3,0
audit_1763786942729_opr5b4gus,2025-11-22T04:49:02.729Z,c277f8c0f10547d9cd5a060b23ebdfc15c708203c58918c865534e368fcd1630,"UnicodeNormalization,SymbolStripping,EscapeNeutralization,PatternRedaction",[object Object],[object Object],[object Object],sanitized,true,1041,1041,4,3,0
audit_1763786942720_bdf4zpqmg,2025-11-22T04:49:02.720Z,c277f8c0f10547d9cd5a060b23ebdfc15c708203c58918c865534e368fcd1630,"UnicodeNormalization,SymbolStripping,EscapeNeutralization,PatternRedaction",[object Object],[object Object],[object Object],sanitized,true,1041,1041,4,3,0
audit_1763786942706_dh1lslc0q,2025-11-22T04:49:02.706Z,c277f8c0f10547d9cd5a060b23ebdfc15c708203c58918c865534e368fcd1630,"UnicodeNormalization,SymbolStripping,EscapeNeutralization,PatternRedaction",[object Object],[object Object],[object Object],sanitized,true,1041,1041,4,2,0
audit_1763786942691_yym1vd1em,2025-11-22T04:49:02.691Z,c277f8c0f10547d9cd5a060b23ebdfc15c708203c58918c865534e368fcd1630,"UnicodeNormalization,SymbolStripping,EscapeNeutralization,PatternRedaction",[object Object],[object Object],[object Object],sanitized,true,1041,1041,4,3,0
audit_1763786942653_i8rsfo2wz,2025-11-22T04:49:02.653Z,c277f8c0f10547d9cd5a060b23ebdfc15c708203c58918c865534e368fcd1630,"UnicodeNormalization,SymbolStripping,EscapeNeutralization,PatternRedaction",[object Object],[object Object],[object Object],sanitized,true,1041,1041,4,5,0
audit_1763786942642_6kijw59wr,2025-11-22T04:49:02.642Z,c277f8c0f10547d9cd5a060b23ebdfc15c708203c58918c865534e368fcd1630,"UnicodeNormalization,SymbolStripping,EscapeNeutralization,PatternRedaction",[object Object],[object Object],[object Object],sanitized,true,1041,1041,4,6,0
audit_1763786942619_59dyw15lf,2025-11-22T04:49:02.619Z,c277f8c0f10547d9cd5a060b23ebdfc15c708203c58918c865534e368fcd1630,"UnicodeNormalization,SymbolStripping,EscapeNeutralization,PatternRedaction",[object Object],[object Object],[object Object],sanitized,true,1041,1041,4,4,0
audit_1763786942599_h9tpm7lff,2025-11-22T04:49:02.599Z,c277f8c0f10547d9cd5a060b23ebdfc15c708203c58918c865534e368fcd1630,"UnicodeNormalization,SymbolStripping,EscapeNeutralization,PatternRedaction",[object Object],[object Object],[object Object],sanitized,true,1041,1041,4,6,0
audit_1763786942580_krwxf409q,2025-11-22T04:49:02.580Z,c277f8c0f10547d9cd5a060b23ebdfc15c708203c58918c865534e368fcd1630,"UnicodeNormalization,SymbolStripping,EscapeNeutralization,PatternRedaction",[object Object],[object Object],[object Object],sanitized,true,1041,1041,4,9,0
audit_1763786942527_tkog27s10,2025-11-22T04:49:02.527Z,c277f8c0f10547d9cd5a060b23ebdfc15c708203c58918c865534e368fcd1630,"UnicodeNormalization,SymbolStripping,EscapeNeutralization,PatternRedaction",[object Object],[object Object],[object Object],sanitized,true,1041,1041,4,6,0
audit_1763786942507_4fpgxmmda,2025-11-22T04:49:02.507Z,c277f8c0f10547d9cd5a060b23ebdfc15c708203c58918c865534e368fcd1630,"UnicodeNormalization,SymbolStripping,EscapeNeutralization,PatternRedaction",[object Object],[object Object],[object Object],sanitized,true,1041,1041,4,7,0
audit_1763786942489_s8xk5enp4,2025-11-22T04:49:02.489Z,c277f8c0f10547d9cd5a060b23ebdfc15c708203c58918c865534e368fcd1630,"UnicodeNormalization,SymbolStripping,EscapeNeutralization,PatternRedaction",[object Object],[object Object],[object Object],sanitized,true,1041,1041,4,3,0
audit_1763786942476_dirnc1967,2025-11-22T04:49:02.476Z,c277f8c0f10547d9cd5a060b23ebdfc15c708203c58918c865534e368fcd1630,"UnicodeNormalization,SymbolStripping,EscapeNeutralization,PatternRedaction",[object Object],[object Object],[object Object],sanitized,true,1041,1041,4,5,0
audit_1763786942451_a1fi1riwz,2025-11-22T04:49:02.451Z,c277f8c0f10547d9cd5a060b23ebdfc15c708203c58918c865534e368fcd1630,"UnicodeNormalization,SymbolStripping,EscapeNeutralization,PatternRedaction",[object Object],[object Object],[object Object],sanitized,true,1041,1041,4,7,0
audit_1763786942412_wuucqlaqp,2025-11-22T04:49:02.412Z,c277f8c0f10547d9cd5a060b23ebdfc15c708203c58918c865534e368fcd1630,"UnicodeNormalization,SymbolStripping,EscapeNeutralization,PatternRedaction",[object Object],[object Object],[object Object],sanitized,true,1041,1041,4,5,0
audit_1763786942392_vp4lkctet,2025-11-22T04:49:02.392Z,c277f8c0f10547d9cd5a060b23ebdfc15c708203c58918c865534e368fcd1630,"UnicodeNormalization,SymbolStripping,EscapeNeutralization,PatternRedaction",[object Object],[object Object],[object Object],sanitized,true,1041,1041,4,10,0
audit_1763786942367_htogodsnu,2025-11-22T04:49:02.367Z,c277f8c0f10547d9cd5a060b23ebdfc15c708203c58918c865534e368fcd1630,"UnicodeNormalization,SymbolStripping,EscapeNeutralization,PatternRedaction",[object Object],[object Object],[object Object],sanitized,true,1041,1041,4,4,0
audit_1763786942348_lee37ba2m,2025-11-22T04:49:02.348Z,c277f8c0f10547d9cd5a060b23ebdfc15c708203c58918c865534e368fcd1630,"UnicodeNormalization,SymbolStripping,EscapeNeutralization,PatternRedaction",[object Object],[object Object],[object Object],sanitized,true,1041,1041,4,6,0
audit_1763786942323_ha4rrmfpe,2025-11-22T04:49:02.323Z,c277f8c0f10547d9cd5a060b23ebdfc15c708203c58918c865534e368fcd1630,"UnicodeNormalization,SymbolStripping,EscapeNeutralization,PatternRedaction",[object Object],[object Object],[object Object],sanitized,true,1041,1041,4,5,0
audit_1763786942283_lys3wso8y,2025-11-22T04:49:02.283Z,c277f8c0f10547d9cd5a060b23ebdfc15c708203c58918c865534e368fcd1630,"UnicodeNormalization,SymbolStripping,EscapeNeutralization,PatternRedaction",[object Object],[object Object],[object Object],sanitized,true,1041,1041,4,2,0
audit_1763786942252_kqz3ixtng,2025-11-22T04:49:02.252Z,c277f8c0f10547d9cd5a060b23ebdfc15c708203c58918c865534e368fcd1630,"UnicodeNormalization,SymbolStripping,EscapeNeutralization,PatternRedaction",[object Object],[object Object],[object Object],sanitized,true,1041,1041,4,6,0
audit_1763786942226_a7s0mb7pn,2025-11-22T04:49:02.226Z,c277f8c0f10547d9cd5a060b23ebdfc15c708203c58918c865534e368fcd1630,"UnicodeNormalization,SymbolStripping,EscapeNeutralization,PatternRedaction",[object Object],[object Object],[object Object],sanitized,true,1041,1041,4,6,0
audit_1763786942207_5zn1145pm,2025-11-22T04:49:02.207Z,c277f8c0f10547d9cd5a060b23ebdfc15c708203c58918c865534e368fcd1630,"UnicodeNormalization,SymbolStripping,EscapeNeutralization,PatternRedaction",[object Object],[object Object],[object Object],sanitized,true,1041,1041,4,12,0
audit_1763786942157_p755aooro,2025-11-22T04:49:02.157Z,c277f8c0f10547d9cd5a060b23ebdfc15c708203c58918c865534e368fcd1630,"UnicodeNormalization,SymbolStripping,EscapeNeutralization,PatternRedaction",[object Object],[object Object],[object Object],sanitized,true,1041,1041,4,6,0
audit_1763786942108_i38srroyo,2025-11-22T04:49:02.108Z,c277f8c0f10547d9cd5a060b23ebdfc15c708203c58918c865534e368fcd1630,"UnicodeNormalization,SymbolStripping,EscapeNeutralization,PatternRedaction",[object Object],[object Object],[object Object],sanitized,true,1041,1041,4,8,0
audit_1763786942086_dospljn7h,2025-11-22T04:49:02.086Z,c277f8c0f10547d9cd5a060b23ebdfc15c708203c58918c865534e368fcd1630,"UnicodeNormalization,SymbolStripping,EscapeNeutralization,PatternRedaction",[object Object],[object Object],[object Object],sanitized,true,1041,1041,4,3,0
audit_1763786942059_28a350uqn,2025-11-22T04:49:02.059Z,c277f8c0f10547d9cd5a060b23ebdfc15c708203c58918c865534e368fcd1630,"UnicodeNormalization,SymbolStripping,EscapeNeutralization,PatternRedaction",[object Object],[object Object],[object Object],sanitized,true,1041,1041,4,6,0
audit_1763786942039_gegqc58i3,2025-11-22T04:49:02.039Z,c277f8c0f10547d9cd5a060b23ebdfc15c708203c58918c865534e368fcd1630,"UnicodeNormalization,SymbolStripping,EscapeNeutralization,PatternRedaction",[object Object],[object Object],[object Object],sanitized,true,1041,1041,4,7,0
audit_1763786942009_6kzfpdp3b,2025-11-22T04:49:02.009Z,c277f8c0f10547d9cd5a060b23ebdfc15c708203c58918c865534e368fcd1630,"UnicodeNormalization,SymbolStripping,EscapeNeutralization,PatternRedaction",[object Object],[object Object],[object Object],sanitized,true,1041,1041,4,6,0
audit_1763786941975_z2p783g2i,2025-11-22T04:49:01.975Z,c277f8c0f10547d9cd5a060b23ebdfc15c708203c58918c865534e368fcd1630,"UnicodeNormalization,SymbolStripping,EscapeNeutralization,PatternRedaction",[object Object],[object Object],[object Object],sanitized,true,1041,1041,4,3,0
audit_1763786941962_rdiq629yi,2025-11-22T04:49:01.962Z,c277f8c0f10547d9cd5a060b23ebdfc15c708203c58918c865534e368fcd1630,"UnicodeNormalization,SymbolStripping,EscapeNeutralization,PatternRedaction",[object Object],[object Object],[object Object],sanitized,true,1041,1041,4,2,0
audit_1763786941954_ib7bngjhj,2025-11-22T04:49:01.954Z,c277f8c0f10547d9cd5a060b23ebdfc15c708203c58918c865534e368fcd1630,"UnicodeNormalization,SymbolStripping,EscapeNeutralization,PatternRedaction",[object Object],[object Object],[object Object],sanitized,true,1041,1041,4,2,0
audit_1763786941945_0y7sn3em5,2025-11-22T04:49:01.945Z,c277f8c0f10547d9cd5a060b23ebdfc15c708203c58918c865534e368fcd1630,"UnicodeNormalization,SymbolStripping,EscapeNeutralization,PatternRedaction",[object Object],[object Object],[object Object],sanitized,true,1041,1041,4,2,0
audit_1763786941933_5srpt8kii,2025-11-22T04:49:01.933Z,c277f8c0f10547d9cd5a060b23ebdfc15c708203c58918c865534e368fcd1630,"UnicodeNormalization,SymbolStripping,EscapeNeutralization,PatternRedaction",[object Object],[object Object],[object Object],sanitized,true,1041,1041,4,6,0
audit_1763786941908_gv3f46u3v,2025-11-22T04:49:01.908Z,c277f8c0f10547d9cd5a060b23ebdfc15c708203c58918c865534e368fcd1630,"UnicodeNormalization,SymbolStripping,EscapeNeutralization,PatternRedaction",[object Object],[object Object],[object Object],sanitized,true,1041,1041,4,7,0
audit_1763786941884_pofwb7vx2,2025-11-22T04:49:01.884Z,c277f8c0f10547d9cd5a060b23ebdfc15c708203c58918c865534e368fcd1630,"UnicodeNormalization,SymbolStripping,EscapeNeutralization,PatternRedaction",[object Object],[object Object],[object Object],sanitized,true,1041,1041,4,3,0
audit_1763786941848_79m285rak,2025-11-22T04:49:01.848Z,c277f8c0f10547d9cd5a060b23ebdfc15c708203c58918c865534e368fcd1630,"UnicodeNormalization,SymbolStripping,EscapeNeutralization,PatternRedaction",[object Object],[object Object],[object Object],sanitized,true,1041,1041,4,8,0
audit_1763786941803_lccosdw46,2025-11-22T04:49:01.803Z,c277f8c0f10547d9cd5a060b23ebdfc15c708203c58918c865534e368fcd1630,"UnicodeNormalization,SymbolStripping,EscapeNeutralization,PatternRedaction",[object Object],[object Object],[object Object],sanitized,true,1041,1041,4,13,0
audit_1763786941771_z354c5mtx,2025-11-22T04:49:01.771Z,9d9d56051b7344b869e54a8ecebf1b39f21fe2449222bbdd135e9a608b216738,"UnicodeNormalization,SymbolStripping,EscapeNeutralization,PatternRedaction",[object Object],[object Object],[object Object],sanitized,true,17,17,4,3,0
audit_1763786941770_2m97ut2q5,2025-11-22T04:49:01.770Z,c277f8c0f10547d9cd5a060b23ebdfc15c708203c58918c865534e368fcd1630,"UnicodeNormalization,SymbolStripping,EscapeNeutralization,PatternRedaction",[object Object],[object Object],[object Object],sanitized,true,1041,1041,4,3,0
audit_1763786941733_rugn55da8,2025-11-22T04:49:01.733Z,3d40108a60fd070ed0d395450b458a4adb579363a42e3510cbafd729f0556186,"UnicodeNormalization,SymbolStripping,EscapeNeutralization,PatternRedaction",[object Object],[object Object],[object Object],sanitized,true,25,23,4,2,0
audit_1763786941717_coh8tm7d4,2025-11-22T04:49:01.717Z,c277f8c0f10547d9cd5a060b23ebdfc15c708203c58918c865534e368fcd1630,"UnicodeNormalization,SymbolStripping,EscapeNeutralization,PatternRedaction",[object Object],[object Object],[object Object],sanitized,true,1041,1041,4,3,0
audit_1763786941706_i5gk9fxdw,2025-11-22T04:49:01.706Z,c277f8c0f10547d9cd5a060b23ebdfc15c708203c58918c865534e368fcd1630,"UnicodeNormalization,SymbolStripping,EscapeNeutralization,PatternRedaction",[object Object],[object Object],[object Object],sanitized,true,1041,1041,4,5,0
audit_1763786941693_51hyh4b1j,2025-11-22T04:49:01.693Z,c277f8c0f10547d9cd5a060b23ebdfc15c708203c58918c865534e368fcd1630,"UnicodeNormalization,SymbolStripping,EscapeNeutralization,PatternRedaction",[object Object],[object Object],[object Object],sanitized,true,1041,1041,4,2,0
audit_1763786941677_tkg6fx740,2025-11-22T04:49:01.677Z,c277f8c0f10547d9cd5a060b23ebdfc15c708203c58918c865534e368fcd1630,"UnicodeNormalization,SymbolStripping,EscapeNeutralization,PatternRedaction",[object Object],[object Object],[object Object],sanitized,true,1041,1041,4,7,0
audit_1763786941671_73rg9qgo0,2025-11-22T04:49:01.671Z,9d9595c5d94fb65b824f56e9999527dba9542481580d69feb89056aabaa0aa87,"UnicodeNormalization,SymbolStripping,EscapeNeutralization,PatternRedaction",[object Object],[object Object],[object Object],sanitized,true,12,12,4,3,0
audit_1763786941655_p0rz7dp2l,2025-11-22T04:49:01.655Z,c277f8c0f10547d9cd5a060b23ebdfc15c708203c58918c865534e368fcd1630,"UnicodeNormalization,SymbolStripping,EscapeNeutralization,PatternRedaction",[object Object],[object Object],[object Object],sanitized,true,1041,1041,4,6,0
audit_1763786941654_sn04v04h2,2025-11-22T04:49:01.654Z,f53b0855f499e46856a12b0c8c9b88e7f128f38794b10e7fa17c1590670d8f40,"UnicodeNormalization,SymbolStripping,EscapeNeutralization,PatternRedaction",[object Object],[object Object],[object Object],sanitized,true,30,28,4,4,0
audit_1763786941625_orn1lnhp4,2025-11-22T04:49:01.625Z,c277f8c0f10547d9cd5a060b23ebdfc15c708203c58918c865534e368fcd1630,"UnicodeNormalization,SymbolStripping,EscapeNeutralization,PatternRedaction",[object Object],[object Object],[object Object],sanitized,true,1041,1041,4,6,0
audit_1763786941605_9wxs2zhu2,2025-11-22T04:49:01.605Z,c277f8c0f10547d9cd5a060b23ebdfc15c708203c58918c865534e368fcd1630,"UnicodeNormalization,SymbolStripping,EscapeNeutralization,PatternRedaction",[object Object],[object Object],[object Object],sanitized,true,1041,1041,4,5,0
audit_1763786941598_zxkxveabr,2025-11-22T04:49:01.598Z,1b850f9064e11e7435b3c60be87969f4770193db21db3535a11e0fc3a000e3dc,"UnicodeNormalization,SymbolStripping,EscapeNeutralization,PatternRedaction",[object Object],[object Object],[object Object],sanitized,true,112,112,4,2,0
audit_1763786941592_okuv71ypr,2025-11-22T04:49:01.592Z,1b850f9064e11e7435b3c60be87969f4770193db21db3535a11e0fc3a000e3dc,"UnicodeNormalization,SymbolStripping,EscapeNeutralization,PatternRedaction",[object Object],[object Object],[object Object],sanitized,true,112,112,4,8,0
audit_1763786941588_098lnyg1r,2025-11-22T04:49:01.588Z,c277f8c0f10547d9cd5a060b23ebdfc15c708203c58918c865534e368fcd1630,"UnicodeNormalization,SymbolStripping,EscapeNeutralization,PatternRedaction",[object Object],[object Object],[object Object],sanitized,true,1041,1041,4,3,0
audit_1763786941569_v7fevpgrp,2025-11-22T04:49:01.569Z,c277f8c0f10547d9cd5a060b23ebdfc15c708203c58918c865534e368fcd1630,"UnicodeNormalization,SymbolStripping,EscapeNeutralization,PatternRedaction",[object Object],[object Object],[object Object],sanitized,true,1041,1041,4,3,0
audit_1763786941548_4zao2crff,2025-11-22T04:49:01.548Z,c277f8c0f10547d9cd5a060b23ebdfc15c708203c58918c865534e368fcd1630,"UnicodeNormalization,SymbolStripping,EscapeNeutralization,PatternRedaction",[object Object],[object Object],[object Object],sanitized,true,1041,1041,4,4,0
audit_1763786941518_tn77eau6n,2025-11-22T04:49:01.518Z,c277f8c0f10547d9cd5a060b23ebdfc15c708203c58918c865534e368fcd1630,"UnicodeNormalization,SymbolStripping,EscapeNeutralization,PatternRedaction",[object Object],[object Object],[object Object],sanitized,true,1041,1041,4,3,0
audit_1763786941507_c13f05ha4,2025-11-22T04:49:01.507Z,c277f8c0f10547d9cd5a060b23ebdfc15c708203c58918c865534e368fcd1630,"UnicodeNormalization,SymbolStripping,EscapeNeutralization,PatternRedaction",[object Object],[object Object],[object Object],sanitized,true,1041,1041,4,3,0
audit_1763786941496_xieadz336,2025-11-22T04:49:01.496Z,c277f8c0f10547d9cd5a060b23ebdfc15c708203c58918c865534e368fcd1630,"UnicodeNormalization,SymbolStripping,EscapeNeutralization,PatternRedaction",[object Object],[object Object],[object Object],sanitized,true,1041,1041,4,3,0
audit_1763786941488_a08c6iy3q,2025-11-22T04:49:01.488Z,7dec524a5d8cb417abc13243ea0deef5d4516070abb0c933920f028709848ef6,"UnicodeNormalization,SymbolStripping,EscapeNeutralization,PatternRedaction",[object Object],[object Object],[object Object],sanitized,true,28,28,4,8,0
audit_1763786941483_h6h1ip1kl,2025-11-22T04:49:01.483Z,c277f8c0f10547d9cd5a060b23ebdfc15c708203c58918c865534e368fcd1630,"UnicodeNormalization,SymbolStripping,EscapeNeutralization,PatternRedaction",[object Object],[object Object],[object Object],sanitized,true,1041,1041,4,3,0
audit_1763786941472_6mt5g8yn0,2025-11-22T04:49:01.472Z,1b850f9064e11e7435b3c60be87969f4770193db21db3535a11e0fc3a000e3dc,"UnicodeNormalization,SymbolStripping,EscapeNeutralization,PatternRedaction",[object Object],[object Object],[object Object],sanitized,true,112,112,4,4,0
audit_1763786941472_qwvilrsf2,2025-11-22T04:49:01.472Z,42b3de043e607922ecb90bd3011f1a71f0bc8632ffa41911b7b32073962dd283,"UnicodeNormalization,SymbolStripping,EscapeNeutralization,PatternRedaction",[object Object],[object Object],[object Object],sanitized,true,17,17,4,4,0
audit_1763786941472_2446vb9cx,2025-11-22T04:49:01.472Z,c277f8c0f10547d9cd5a060b23ebdfc15c708203c58918c865534e368fcd1630,"UnicodeNormalization,SymbolStripping,EscapeNeutralization,PatternRedaction",[object Object],[object Object],[object Object],sanitized,true,1041,1041,4,3,0
audit_1763786941452_z0b9at1mp,2025-11-22T04:49:01.452Z,c277f8c0f10547d9cd5a060b23ebdfc15c708203c58918c865534e368fcd1630,"UnicodeNormalization,SymbolStripping,EscapeNeutralization,PatternRedaction",[object Object],[object Object],[object Object],sanitized,true,1041,1041,4,4,0
audit_1763786941443_b06eo12el,2025-11-22T04:49:01.443Z,1b850f9064e11e7435b3c60be87969f4770193db21db3535a11e0fc3a000e3dc,"UnicodeNormalization,SymbolStripping,EscapeNeutralization,PatternRedaction",[object Object],[object Object],[object Object],sanitized,true,112,112,4,4,0
audit_1763786941441_xkcm6c23x,2025-11-22T04:49:01.441Z,c277f8c0f10547d9cd5a060b23ebdfc15c708203c58918c865534e368fcd1630,"UnicodeNormalization,SymbolStripping,EscapeNeutralization,PatternRedaction",[object Object],[object Object],[object Object],sanitized,true,1041,1041,4,3,0
audit_1763786941438_djioqykbo,2025-11-22T04:49:01.438Z,916f0027a575074ce72a331777c3478d6513f786a591bd892da1a577bf2335f9,"UnicodeNormalization,SymbolStripping,EscapeNeutralization,PatternRedaction",[object Object],[object Object],[object Object],sanitized,true,9,9,4,10,0
audit_1763786941431_lwxhqmozn,2025-11-22T04:49:01.431Z,c277f8c0f10547d9cd5a060b23ebdfc15c708203c58918c865534e368fcd1630,"UnicodeNormalization,SymbolStripping,EscapeNeutralization,PatternRedaction",[object Object],[object Object],[object Object],sanitized,true,1041,1041,4,3,0
audit_1763786941422_70jtcr9sw,2025-11-22T04:49:01.422Z,1b850f9064e11e7435b3c60be87969f4770193db21db3535a11e0fc3a000e3dc,"UnicodeNormalization,SymbolStripping,EscapeNeutralization,PatternRedaction",[object Object],[object Object],[object Object],sanitized,true,112,112,4,6,0
audit_1763786941421_2wxyadyzc,2025-11-22T04:49:01.421Z,c277f8c0f10547d9cd5a060b23ebdfc15c708203c58918c865534e368fcd1630,"UnicodeNormalization,SymbolStripping,EscapeNeutralization,PatternRedaction",[object Object],[object Object],[object Object],sanitized,true,1041,1041,4,2,0
audit_1763786941412_fqhf2yyf4,2025-11-22T04:49:01.412Z,1b850f9064e11e7435b3c60be87969f4770193db21db3535a11e0fc3a000e3dc,"UnicodeNormalization,SymbolStripping,EscapeNeutralization,PatternRedaction",[object Object],[object Object],[object Object],sanitized,true,112,112,4,4,0
audit_1763786941411_gmdyhbsli,2025-11-22T04:49:01.411Z,c277f8c0f10547d9cd5a060b23ebdfc15c708203c58918c865534e368fcd1630,"UnicodeNormalization,SymbolStripping,EscapeNeutralization,PatternRedaction",[object Object],[object Object],[object Object],sanitized,true,1041,1041,4,2,0
audit_1763786941390_q1clkoz3m,2025-11-22T04:49:01.390Z,c277f8c0f10547d9cd5a060b23ebdfc15c708203c58918c865534e368fcd1630,"UnicodeNormalization,SymbolStripping,EscapeNeutralization,PatternRedaction",[object Object],[object Object],[object Object],sanitized,true,1041,1041,4,3,0
audit_1763786941378_e5vcyuvj0,2025-11-22T04:49:01.378Z,c277f8c0f10547d9cd5a060b23ebdfc15c708203c58918c865534e368fcd1630,"UnicodeNormalization,SymbolStripping,EscapeNeutralization,PatternRedaction",[object Object],[object Object],[object Object],sanitized,true,1041,1041,4,4,0
audit_1763786941367_8tiwyddpw,2025-11-22T04:49:01.367Z,c277f8c0f10547d9cd5a060b23ebdfc15c708203c58918c865534e368fcd1630,"UnicodeNormalization,SymbolStripping,EscapeNeutralization,PatternRedaction",[object Object],[object Object],[object Object],sanitized,true,1041,1041,4,3,0
audit_1763786941357_grpefsqiu,2025-11-22T04:49:01.357Z,c277f8c0f10547d9cd5a060b23ebdfc15c708203c58918c865534e368fcd1630,"UnicodeNormalization,SymbolStripping,EscapeNeutralization,PatternRedaction",[object Object],[object Object],[object Object],sanitized,true,1041,1041,4,2,0
audit_1763786941344_zfw93rx2t,2025-11-22T04:49:01.344Z,c277f8c0f10547d9cd5a060b23ebdfc15c708203c58918c865534e368fcd1630,"UnicodeNormalization,SymbolStripping,EscapeNeutralization,PatternRedaction",[object Object],[object Object],[object Object],sanitized,true,1041,1041,4,3,0
audit_1763786941327_ucnot2ixa,2025-11-22T04:49:01.327Z,c277f8c0f10547d9cd5a060b23ebdfc15c708203c58918c865534e368fcd1630,"UnicodeNormalization,SymbolStripping,EscapeNeutralization,PatternRedaction",[object Object],[object Object],[object Object],sanitized,true,1041,1041,4,2,0
audit_1763786941320_71930g9yh,2025-11-22T04:49:01.320Z,1b850f9064e11e7435b3c60be87969f4770193db21db3535a11e0fc3a000e3dc,"UnicodeNormalization,SymbolStripping,EscapeNeutralization,PatternRedaction",[object Object],[object Object],[object Object],sanitized,true,112,112,4,4,0
audit_1763786941317_tip66ffmr,2025-11-22T04:49:01.317Z,c277f8c0f10547d9cd5a060b23ebdfc15c708203c58918c865534e368fcd1630,"UnicodeNormalization,SymbolStripping,EscapeNeutralization,PatternRedaction",[object Object],[object Object],[object Object],sanitized,true,1041,1041,4,6,0
audit_1763786941303_lkmpdwwu4,2025-11-22T04:49:01.303Z,1b850f9064e11e7435b3c60be87969f4770193db21db3535a11e0fc3a000e3dc,"UnicodeNormalization,SymbolStripping,EscapeNeutralization,PatternRedaction",[object Object],[object Object],[object Object],sanitized,true,112,112,4,36,0
audit_1763786941290_8lngrl7k9,2025-11-22T04:49:01.290Z,c277f8c0f10547d9cd5a060b23ebdfc15c708203c58918c865534e368fcd1630,"UnicodeNormalization,SymbolStripping,EscapeNeutralization,PatternRedaction",[object Object],[object Object],[object Object],sanitized,true,1041,1041,4,4,0
audit_1763786941279_oi64osjex,2025-11-22T04:49:01.279Z,c277f8c0f10547d9cd5a060b23ebdfc15c708203c58918c865534e368fcd1630,"UnicodeNormalization,SymbolStripping,EscapeNeutralization,PatternRedaction",[object Object],[object Object],[object Object],sanitized,true,1041,1041,4,8,0
audit_1763786941256_kgcku9zu2,2025-11-22T04:49:01.256Z,c277f8c0f10547d9cd5a060b23ebdfc15c708203c58918c865534e368fcd1630,"UnicodeNormalization,SymbolStripping,EscapeNeutralization,PatternRedaction",[object Object],[object Object],[object Object],sanitized,true,1041,1041,4,2,0
audit_1763786941245_59jt0nt8e,2025-11-22T04:49:01.245Z,1b850f9064e11e7435b3c60be87969f4770193db21db3535a11e0fc3a000e3dc,"UnicodeNormalization,SymbolStripping,EscapeNeutralization,PatternRedaction",[object Object],[object Object],[object Object],sanitized,true,112,112,4,12,0
audit_1763786941239_wgm0os5tr,2025-11-22T04:49:01.239Z,c277f8c0f10547d9cd5a060b23ebdfc15c708203c58918c865534e368fcd1630,"UnicodeNormalization,SymbolStripping,EscapeNeutralization,PatternRedaction",[object Object],[object Object],[object Object],sanitized,true,1041,1041,4,3,0
audit_1763786941228_3i71oo96e,2025-11-22T04:49:01.228Z,c277f8c0f10547d9cd5a060b23ebdfc15c708203c58918c865534e368fcd1630,"UnicodeNormalization,SymbolStripping,EscapeNeutralization,PatternRedaction",[object Object],[object Object],[object Object],sanitized,true,1041,1041,4,4,0
audit_1763786941201_zfa35abz7,2025-11-22T04:49:01.201Z,c277f8c0f10547d9cd5a060b23ebdfc15c708203c58918c865534e368fcd1630,"UnicodeNormalization,SymbolStripping,EscapeNeutralization,PatternRedaction",[object Object],[object Object],[object Object],sanitized,true,1041,1041,4,3,0
audit_1763786941190_8wgzsjg6h,2025-11-22T04:49:01.190Z,c277f8c0f10547d9cd5a060b23ebdfc15c708203c58918c865534e368fcd1630,"UnicodeNormalization,SymbolStripping,EscapeNeutralization,PatternRedaction",[object Object],[object Object],[object Object],sanitized,true,1041,1041,4,2,0
audit_1763786941180_z79bkq3zm,2025-11-22T04:49:01.180Z,c277f8c0f10547d9cd5a060b23ebdfc15c708203c58918c865534e368fcd1630,"UnicodeNormalization,SymbolStripping,EscapeNeutralization,PatternRedaction",[object Object],[object Object],[object Object],sanitized,true,1041,1041,4,2,0
audit_1763786941162_97c1jby56,2025-11-22T04:49:01.162Z,c277f8c0f10547d9cd5a060b23ebdfc15c708203c58918c865534e368fcd1630,"UnicodeNormalization,SymbolStripping,EscapeNeutralization,PatternRedaction",[object Object],[object Object],[object Object],sanitized,true,1041,1041,4,3,0
audit_1763786941152_36go7cd4t,2025-11-22T04:49:01.152Z,c277f8c0f10547d9cd5a060b23ebdfc15c708203c58918c865534e368fcd1630,"UnicodeNormalization,SymbolStripping,EscapeNeutralization,PatternRedaction",[object Object],[object Object],[object Object],sanitized,true,1041,1041,4,4,0
audit_1763786941146_3fva0trgg,2025-11-22T04:49:01.146Z,1b850f9064e11e7435b3c60be87969f4770193db21db3535a11e0fc3a000e3dc,"UnicodeNormalization,SymbolStripping,EscapeNeutralization,PatternRedaction",[object Object],[object Object],[object Object],sanitized,true,112,112,4,4,0
